Index,c_rank,c_kincode,c_kin_pair1,c_kin_pair2,c_kin_pair_notes,c_kinrel_chn,c_kinrel,c_kinrel_alt,c_pick_sorting,c_upstep,c_dwnstep,c_marstep,c_colstep,代差
-1,1000000,-1,-1,-1,,[missing data],[missing data],[missing data],10000,0,0,0,0,0
0,999999,0,0,0,,未詳,U,undetermined,9999,99,99,99,99,0
2,500,2,303,303,,直系祖先,G-n,"G-n, lineal ancestor, generation unknown",50,99,0,0,0,99
3,500,3,301,-10000,,妻之直系祖先,WG-n,Ancestor of wife,150,99,0,1,0,99
4,500,4,304,304,,同族長輩,K-n,"Lineage ancestor,  generation undefined",50,99,1,0,2,98
6,500,6,305,-10000,,妻之同族祖先,WK-n,"Wife's lineage ancestor, generation undefined",150,99,1,1,2,98
8,500,8,301,-10000,,第一任妻之直系祖先,W1G-n,"W1G-n Wife's ancestor, generation undefined",9999,99,0,1,0,99
9,500,9,299,299,,四十三世祖,G-43,G-43,9999,43,0,0,0,43
10,500,10,298,298,,四十二世祖,G-42,G-42,9999,42,0,0,0,42
11,500,11,297,297,,三十八世祖,G-38,G-38,9999,38,0,0,0,38
12,500,12,296,296,,三十五世祖,G-35,G-35,9999,35,0,0,0,35
13,500,13,295,295,,三十世祖,G-30,G-30,9999,30,0,0,0,30
14,500,14,294,294,,二十七世祖,G-27,G-27,9999,27,0,0,0,27
15,500,15,293,293,,二十二世祖,G-22,G-22,9999,22,0,0,0,22
16,500,16,292,292,,十九世祖,G-19,G-19,9999,19,0,0,0,19
17,500,17,291,291,,十八世祖,G-18,G-18,9999,18,0,0,0,18
18,510,18,289,-10000,G+17H,妻之十七世祖,WG-17,WG-17,9999,17,0,1,0,17
19,500,19,290,290,,十七世祖,G-17,G-17,9999,17,0,0,0,17
20,500,20,288,288,,十六世祖,G-16,G-16,9999,16,0,0,0,16
21,500,21,287,287,,十五世祖,G-15,G-15,9999,15,0,0,0,15
22,500,22,286,286,,十四世祖,G-14,G-14,9999,14,0,0,0,14
23,500,23,285,285,,十三世祖,G-13,G-13,9999,13,0,0,0,13
24,500,24,284,284,,十二世祖,G-12,G-12,9999,12,0,0,0,12
25,500,25,283,283,,十一世祖,G-11,G-11,9999,11,0,0,0,11
26,500,26,282,282,,十世祖,G-10,G-10,9999,10,0,0,0,10
27,500,27,280,280,,九世叔伯祖,G-9B,G-9B,9999,9,0,0,1,9
28,500,28,281,281,,九世祖;太高曾祖,G-9,G-9,9999,9,0,0,0,9
29,500,29,279,279,,八世祖;太高祖,G-8,G-8,9999,8,0,0,0,8
30,500,30,278,278,,八世叔伯祖,G-8B,G-8B Brother of 8th generation ancestor,9999,8,0,0,1,8
31,500,31,277,277,,七世祖;太曾祖,G-7,G-7,9999,7,0,0,0,7
32,500,32,276,-10000,G+7H,妻之七世祖,WG-7,WG-7,9999,7,0,1,0,7
33,500,33,271,-1,BSSSSD,五世叔伯祖,FFFFFB,G-5B FFFFFB,9999,5,0,0,1,5
34,500,34,-1,-10000,BG+6H,妻之六世叔伯祖,WG-6B,WG-6B,9999,6,0,1,1,6
36,500,36,272,272,,六世祖;太祖,G-6,G-6,9999,6,0,0,0,6
38,500,38,275,275,,同族六世祖,K-6,"Lineage kin, 6 generations earlier",9999,7,1,0,1,6
39,70,39,263,368,SSSD,高祖;四世祖,FFFF,FFFF,-6,4,0,0,0,4
40,510,40,266,-10000,,妻之高祖,WFFFF,Wife's great great grandfather,9999,4,0,1,0,4
41,500,41,267,-1,BSSSD,四世伯叔祖;高伯叔祖父,FFFFB,FFFFB G-4B,9999,4,0,0,1,4
42,500,42,265,-1,SSDD,外高祖父,MFFF,MFFF,9999,4,0,0,0,4
44,510,44,264,-10000,,妻之四世叔伯祖,WFFFFB,Brother of wife's great great grandfather,9999,4,0,1,1,4
46,500,46,260,260,,同族四世祖,K-4,"Lineage kin, 4 generations earlier",9999,5,1,0,1,4
47,500,47,269,269,,同族五世祖,K-5,"Lineage kin, 5 generations earlier",9999,6,1,0,1,5
48,70,48,255,347,,曾祖,FFF,FFF,-5,3,0,0,0,3
49,140,49,256,-10000,,妻之曾祖,WFFF,WFFF,23,3,0,1,0,3
50,500,50,253,418,BSSD,曾伯叔祖;從曾祖,FFFB,FFFB,9999,3,0,0,1,3
51,140,51,254,-10000,,妻之曾叔伯祖,WFFFB,WFFFB,9999,3,0,1,1,3
52,70,52,252,-1,"SDS, SDD",外曾祖父,MFF,MFF,-9,3,0,0,0,3
56,139,56,256,-10000,,第二任妻之曾祖,W2FFF,W2FFF,9999,3,0,1,0,3
57,139,57,256,-10000,,第三任妻之曾祖,W3FFF,W3FFF,9999,3,0,1,0,3
58,400,58,259,-1,FBSSSD,曾祖之從兄弟;再從曾祖,FFFFBS,FFFFBS,,4,1,0,1,3
59,139,59,256,-10000,,第一任妻之曾祖,W1FFF,W1FFF,9999,3,0,1,0,3
61,140,61,261,-10000,,得許娶曾孫女,W%FFF,Great grandfather of betrothed,,3,0,1,0,3
62,50,62,243,251,,祖父,FF,FF,-4,2,0,0,0,2
63,130,63,244,-10000,,妻之祖父,WFF,WFF,22,2,0,1,0,2
64,61,64,240,459,,從祖;伯叔祖,FFB,FFB,9999,2,0,0,1,2
65,61,65,245,-10000,,妻之叔伯祖,WFFB,WFFB,9999,2,0,1,1,2
66,50,66,238,372,,外祖父,MF,MF Mother's father,-7,2,0,0,0,2
67,500,67,239,-10000,,岳母之父,WMF,WMF Wife's mothers's father,9999,2,0,1,0,2
70,129,70,248,-10000,,許妻以孫女,W%FF,Grandfather of Betrothed,9999,2,0,1,0,2
72,129,72,244,-10000,,第一任妻之祖,W1FF,W1FF,22,2,0,1,0,2
73,66,73,250,-1,LK+2(female),"族祖父;族父的父親,即祖父的堂兄弟",K-2(male),Lineage granduncle,9999,3,1,0,1,2
74,129,74,244,-10000,,第二任妻之祖,W2FF,W2FF,22,2,0,1,0,2
75,0,75,180,176,,父,F,F Father,-1,1,0,0,0,1
76,120,76,181,-10000,,岳父,WF,WF,21,1,0,1,0,1
77,180,77,179,366,,母舅,MB,MB Mother's brother,9999,1,0,0,1,1
78,190,78,-1,-1,"WBDS,WBDD",外祖姑之夫;外祖父的姐妹之夫,MFZH,MFZH,9999,2,0,1,1,2
79,41,79,177,330,,從父;伯叔父,FB,FB Father's brother,9999,1,0,0,1,1
80,200,80,178,-10000,,妻之叔伯,WFB,WFB,9999,1,0,1,1,1
82,-1,82,186,-10000,,嗣父,F*,"F* Father, adopting heir",-2,1,0,0,0,1
84,400,84,190,463,,再從父;堂伯叔父,FFBS,FFBS,,2,1,0,1,1
86,170,86,197,-10000,,許妻以女,W%F,Father of betrothed,200,1,0,1,0,1
87,119,87,181,-10000,,第一任妻父,W1F,W1F Father of W1,21,1,0,1,0,1
88,119,88,181,-10000,,第二任妻父,W2F,W2F,21,1,0,1,0,1
90,199,90,178,-10000,,第一任妻之叔伯,W1FB,W1FB,9999,1,0,1,1,1
91,198,91,178,-10000,,第二任妻之叔伯,W2FB,W2FB,9999,1,0,1,1,1
92,119,92,181,-10000,,第三任妻父,W3F,W3F,9999,1,0,1,0,1
93,210,93,210,471,FFBSSD,族姑,K-1(female),Lineage aunt,9999,2,1,0,1,1
94,220,94,232,-10000,,妻之母舅,WMB,WMB Wife's mother's brother,9999,1,0,1,1,1
96,119,96,181,-10000,,第四任妻父,W4F,W4F,9999,1,0,1,0,1
97,230,97,210,471,FFBSSD,族父,K-1(male),Lineage uncle,9999,2,1,0,1,1
98,-1,98,214,376,,繼父,F^,F^ Stepfather,-2,1,0,0,0,1
100,120,100,181,-10000,,妾之父,CF,Father of Consort,,1,0,1,0,1
103,240,103,104,-1,BDH%M,兒子未婚妻之伯叔父,SW%FB,Son's troth's uncle,9999,1,1,1,1,0
104,240,104,103,-1,SW%FZ,姪女未婚夫之父,BDH%F,Niece's troth's father,9999,1,1,1,1,0
105,240,105,223,-10000,,妻之姨夫,WMZH,WMZH,9999,1,0,2,1,1
107,1,107,436,227,,養父,F°,Adopting father,,1,0,0,0,1
111,0,111,180,176,,母,M,M Mother,-3,1,0,0,0,1
112,119,112,181,-10000,,第五任妻父,W5F,W5F,9999,1,0,1,0,1
117,160,117,117,117,,姻親,A,Affinal kin,150,0,0,1,1,0
118,20,118,118,374,,兄弟,B,B Brother,1,0,0,0,1,0
119,250,119,119,-1,FBD,從兄弟;堂兄弟,FBS,FBS Father's brother's son,9999,1,1,0,1,0
121,260,121,405,-1,FZD,舅表兄弟,MBS,MBS,9999,1,1,0,1,0
125,19,125,126,169,,兄,B+,"B+  Brother, elder",2,0,0,0,1,0
126,19,126,125,164,,弟,B-,"B– Brother, younger",3,0,0,0,1,0
127,270,127,128,-1,MBD+,姑表弟,FZS-,FZS–,9999,1,1,0,1,0
128,259,128,127,-1,FZD-,舅表兄,MBS+,MBS+,9999,1,1,0,1,0
130,249,130,131,417,FBD+,從弟,FBS-,"FBS– Father's brother's son, younger",9999,1,1,0,1,0
131,249,131,130,416,FBD-,從兄,FBS+,"FBS+ Father's brother's son, elder",9999,1,1,0,1,0
132,280,132,133,-1,FFBSD+,再從弟,FFBSS-,FFBSS–,9999,2,2,0,1,0
133,280,133,132,-1,FFBSD-,再從兄,FFBSS+,FFBSS+,9999,2,2,0,1,0
134,10,134,-10000,135,Possibly 168,丈夫,H,H Husband,0,0,0,1,0,0
135,10,135,134,-10000,,妻子,W,W Wife,0,0,0,1,0,0
136,21,136,385,384,,姐夫,Z+H,"Z+H Sister, elder, husband of",4,0,0,1,1,0
137,109,137,159,-10000,,妻兄,WB+,WB+,17,0,0,1,1,0
138,9,138,134,-10000,,第一任妻,W1,"W1 Wife, first",16,0,0,1,0,0
141,290,141,142,-1,WMZD,姨表姊妹之夫,MZDH,MZDH,9999,1,1,1,1,0
142,290,142,141,-10000,,岳母之外甥;妻之姨表兄弟,WMZS,WMZS,9999,1,1,1,1,0
143,300,143,144,462,,族兄,K+(male),"Lineage cousin, elder, male",9999,2,2,0,1,0
144,300,144,143,461,,族弟,K-(male),"Lineage cousin, younger, male",9999,2,2,0,1,0
147,500,147,147,147,,族人(輩分不詳),Kn,"Lineage kin, generation unknown",,2,2,1,1,0
149,900,149,447,447,,自謂...之後,G-n (claimed),Claimed agnatic ancestor,900,99,0,0,0,99
150,19,150,151,382,,同母異父弟,B?-,"Younger half-brother, by the same mother",,0,0,0,1,0
151,19,151,150,438,,同母異父兄,B?+,"Elder half-brother, by the same mother",,0,0,0,1,0
152,110,152,162,-10000,,內兄弟;妻兄弟,WB,WB Wife's brother,17,0,0,1,1,0
153,109,153,162,-10000,,第二任妻兄弟,W2B,W2B,17,0,0,1,1,0
156,310,156,157,-10000,,妻之堂兄弟,WFBS,WFBS,9999,1,1,1,1,0
157,310,157,156,-1,WFBD,堂姊妹之夫,FBDH,FBDH Father's brother's daughter's husband,9999,1,1,1,1,0
158,108,158,159,-10000,,第二任妻兄,W2B+,W2B+,9999,0,0,1,1,0
159,21,159,137,383,,妹夫,Z-H,Z–H Younger sister'shusband,4,0,0,1,1,0
162,22,162,152,386,,姊妹夫,ZH,ZH Sister's husband,4,0,0,1,1,0
163,9,163,134,-10000,,第二任妻,W2,W2,16,0,0,1,0,0
164,19,164,126,169,,姊,Z+,Z+,4,0,0,0,1,0
165,18,165,126,169,,長兄,B1,"B1 Brother, eldest",2,0,0,0,1,0
166,19,166,125,164,,季弟,By,"By, Youngest brother",,0,0,0,1,0
167,281,167,167,-1,FFBSD,再從兄弟,FFBSS,FFBSS,9999,2,2,0,1,0
168,10,168,134,-10000,,妾,C,C Concubine,0,0,0,1,0,0
169,19,169,125,164,,妹,Z-,Z–,4,0,0,0,1,0
170,19,170,170,381,,同母異父兄弟,B?,"B? half-brothers, by the same mother",,0,0,0,1,0
171,19,171,172,379,,繼弟,B-^,"B–^ stepbrother, younger",3,0,0,0,1,0
172,19,172,171,380,,繼兄,B+^,"B+^ stepbrother,  elder",2,0,0,0,1,0
173,130,173,173,-10000,,連襟;妻姊妹之夫,WZH,WZH,20,0,0,2,1,0
176,30,176,75,111,,女兒,D,D,6,0,1,0,0,-1
177,320,177,79,331,,從子;姪子,BS,BS Brother's son,9999,0,1,0,1,-1
178,320,178,80,558,WFZ,姪女之夫,BDH,BDH Brother's daughter's husband,9999,0,1,1,1,-1
179,320,179,77,365,,外甥,ZS,ZS Sister's son,9999,0,1,0,1,-1
180,30,180,75,111,,子,S,S Son,5,0,1,0,0,-1
181,80,181,76,364,,女婿,DH,DH Daughter's husband,7,0,1,1,0,-1
182,29,182,75,111,,長子; 第一子,S1,"S1, Son, first",5,0,1,0,0,-1
183,29,183,75,111,,次子,S2,S2,5,0,1,0,0,-1
184,29,184,75,111,,三子,S3,S3,5,0,1,0,0,-1
185,29,185,75,111,,四子,S4,S4,5,0,1,0,0,-1
186,30,186,82,378,,過繼的嗣子,S*,"S* Son, adopted as heir",5,0,1,0,0,-1
188,29,188,75,111,,季子,Sn,"Sy, Youngest known son",5,0,1,0,0,-1
190,320,190,84,-1,FFBD,堂姪;從姪,FBSS,FBSS,9999,1,2,0,1,-1
191,29,191,75,111,,五子,S5,S5,5,0,1,0,0,-1
193,29,193,75,111,,獨子,S (only son),S (only son),9999,0,1,0,0,-1
194,29,194,75,111,,六子,S6,S6,9999,0,1,0,0,-1
195,29,195,75,111,,十子,S10,S10,9999,0,1,0,0,-1
196,29,196,75,111,,七子,S7,S7,9999,0,1,0,0,-1
197,170,197,86,-1,W%M,得許娶其女,DH%,DH%  Betrothed of D,200,0,1,1,0,-1
198,29,198,75,111,,唯一幸存的兒子,S (only surviving son),S(surviving) only survivng son,9999,0,1,0,0,-1
199,29,199,75,111,,八子,S8,S8,9999,0,1,0,0,-1
201,79,201,76,364,,第二任女婿,DH2,DH2,9999,0,1,1,0,-1
202,29,202,75,111,,二十五子,S25,S25,9999,0,1,0,0,-1
204,29,204,75,111,,庶子,S?,CS Concubine's son,5,0,1,0,0,-1
205,29,205,75,111,,十三子,S13,S13,9999,0,1,0,0,-1
206,29,206,75,111,,九子,S9,S9,9999,0,1,0,0,-1
207,29,207,75,111,,十一子,S11,S11,9999,0,1,0,0,-1
210,150,210,97,93,,族子,K+1(male),Lineage nephew,9999,1,2,0,1,-1
211,29,211,75,111,,二十子,S20,S20,9999,0,1,0,0,-1
212,29,212,75,111,,十七子,S17,S17,9999,0,1,0,0,-1
213,29,213,75,111,,二十三子,S23,S23,9999,0,1,0,0,-1
214,30,214,98,375,,繼子,S^,"S^ Son, stepson",5,0,1,0,0,-1
220,29,220,75,111,,幸存的長子,S (eldest surviving son),S(eldest surviving),9999,0,1,0,0,-1
221,29,221,75,111,,十二子,S12,S12,9999,0,1,0,0,-1
222,29,222,75,111,,二十四子,S24,S24,9999,0,1,0,0,-1
223,330,223,105,-10000,,妻之甥女婿,WZDH,WZDH,9999,0,1,2,1,-1
224,79,224,76,364,,第一任女婿,DH1,DH1 Daughter's first husband,9999,0,1,1,0,-1
226,29,226,363,377,,私生子,S!,S! Bastard son,9999,0,1,0,0,-1
227,30,227,107,437,,養女,D°,"Daughter, adopted",6,0,1,0,0,-1
229,29,229,75,111,,十六子,S16,S16,9999,0,1,0,0,-1
230,29,230,75,111,,二女,D2,D2,6,0,1,0,0,-1
231,29,231,75,111,,二十二子,S22,S22,9999,0,1,0,0,-1
232,330,232,94,-1,WMZ,甥女婿;姊妹之女婿,ZDH,ZDH Sister's daughter's husband,9999,0,1,1,1,-1
234,29,234,75,111,,十五子,S15,S15,9999,0,1,0,0,-1
235,29,235,75,111,,二十一子,S21,S21,9999,0,1,0,0,-1
238,90,238,66,371,,外孫,DS,DS Daughter's son,8,0,2,0,0,-2
239,330,239,67,-1,WMM,外孫女婿,DDH,DDH,9999,0,2,1,0,-2
240,330,240,64,469,,姪孫;從孫,BSS,BSS BG+2,9999,0,2,0,1,-2
243,90,243,62,370,,孫,SS,SS Son's son,8,0,2,0,0,-2
244,100,244,63,-1,WFM,孫女婿,SDH,SDH,8,0,2,1,0,-2
245,330,245,65,-10000,,姪孫女之夫,BSDH,Grandniece's husband,9999,0,2,1,1,-2
248,170,248,70,-1,W%FM,得許娶其孫女,SDH%,SDH%   Betrothed of SD,200,0,2,1,0,-2
250,150,250,73,460,,族孫,K+2(male),Lineage grandnephew,9999,1,3,0,1,-2
251,90,251,62,370,,孫女,SD,SD Son's daughter,8,0,2,0,0,-2
252,330,252,52,-1,"MMF,MMM",外孫女之子,DDS,DDS,9999,0,3,0,0,-3
253,150,253,50,470,,曾姪孫;從曾孫,BSSS,BSSS BG+3,9999,0,3,0,1,-3
254,330,254,51,-1,WFFFZ,曾姪孫女婿,BSSDH,BSSDH,9999,0,3,1,1,-3
255,110,255,48,369,,曾孫; 重孫,SSS,SSS,9,0,3,0,0,-3
256,330,256,49,-1,WFFM,曾孫女婿,SSDH,SSDH,9999,0,3,1,0,-3
259,330,259,58,-1,FFFFBD,再從曾孫;堂姪曾孫,FBSSSS,FBSSSS,9999,1,4,0,1,-3
260,330,260,46,46,,同族四世孫,K+4,"Lineage kin, 4 generations later",9999,1,5,0,1,-4
261,330,261,61,-1,From 261,許妻以曾孫女,SSDH%,Betrothed of SSD,9999,0,3,1,0,-3
262,400,262,41,-1,FFFFZ,從玄孫,BSSSS,BSSSS BG+4,,0,4,0,1,-4
263,340,263,39,367,,玄孫;四世孫,SSSS,SSSS,9999,0,4,0,0,-4
264,350,264,44,-1,"WFFFFB,WFFFFZ",從玄孫女婿,BSSSDH,BSSSDH,9999,0,4,1,1,-4
265,350,265,42,-1,MFFM,曾孫女之子,SSDS,SSDS,9999,0,4,0,0,-4
266,350,266,40,-1,WFFFM,玄孫女婿,SSSDH,SSSDH,9999,0,4,1,0,-4
267,360,267,41,480,,從玄孫,BSSSS,brother's great-great gs,9999,0,4,0,1,-4
269,360,269,47,47,,同族五世孫,K+5,"Lineage kin, 5 generations later",9999,1,6,0,1,-5
270,360,270,-1,-1,"WFFFFFB,WFFFFFZ",從來孫女婿,BSSSSDH,BSSSSDH,9999,0,5,1,1,-5
271,360,271,33,-1,FFFFFZ,從來孫,BSSSSS,BG+5  Brother's 5th generation lineal descendant,9999,0,5,0,1,-5
272,500,272,36,-1,G-6W,六世孫;昆孫,G+6,G+6,9999,0,6,0,0,-6
275,500,275,38,38,,同族六世孫,K+6,"Lineage kin, 6 generations later",9999,1,7,0,1,-6
276,500,276,32,-1,WG-7W,七世孫婿,G+7H,G+7H Husband of 7th generation lineal descendant,9999,0,7,1,0,-7
277,500,277,31,-1,G-7W,七世孫;仍孫,G+7,G+7,9999,0,7,0,0,-7
278,500,278,30,-1,G-8Z,兄弟之八世孫,BG+8,BG+8,9999,0,8,0,1,-8
279,500,279,29,-1,G-8W,八世孫;雲孫,G+8,G+8,9999,0,8,0,0,-8
280,500,280,27,-1,G-9Z,兄弟之九世孫,BG+9,BG+9,9999,0,9,0,1,-9
281,500,281,28,-1,G-9W,九世孫,G+9,G+9,9999,0,9,0,0,-9
282,500,282,26,-1,G-10W,十世孫,G+10,G+10,9999,0,10,0,0,-10
283,500,283,25,-1,G-11W,十一世孫,G+11,G+11,9999,0,11,0,0,-11
284,500,284,24,-1,G-12W,十二世孫,G+12,G+12,9999,0,12,0,0,-12
285,500,285,23,-1,G-13W,十三世孫,G+13,G+13,9999,0,13,0,0,-13
286,500,286,22,-1,G-14W,十四世孫,G+14,G+14,9999,0,14,0,0,-14
287,500,287,21,-1,G-15W,十五世孫,G+15,G+15,9999,0,15,0,0,-15
288,500,288,20,-1,G-16W,十六世孫,G+16,G+16,9999,0,16,0,0,-16
289,500,289,18,-1,WG-17W,十七世孫婿,G+17H,G+17H,9999,0,17,1,0,-17
290,500,290,19,-1,G-17W,十七世孫,G+17,G+17,9999,0,17,0,0,-17
291,500,291,17,-1,G-18W,十八世孫,G+18,G+18,9999,0,18,0,0,-18
292,500,292,16,-1,G-19W,十九世孫,G+19,G+19,9999,0,19,0,0,-19
293,500,293,15,-1,G-22W,二十二世孫,G+22,G+22,9999,0,22,0,0,-22
294,500,294,14,-1,G-27W,二十七世孫,G+27,G+27,9999,0,27,0,0,-27
295,500,295,13,-1,G-30W,三十世孫,G+30,G+30,9999,0,30,0,0,-30
296,500,296,12,-1,G-35W,三十五世孫,G+35,G+35,9999,0,35,0,0,-35
297,500,297,11,-1,G-38W,三十八世孫,G+38,G+38,9999,0,38,0,0,-38
298,500,298,10,-1,G-42W,四十二世孫,G+42,G+42,9999,0,42,0,0,-42
299,500,299,9,-1,G-43W,四十三世孫,G+43,G+43,9999,0,43,0,0,-43
301,500,301,3,3,,直系後裔之夫,G+nH,"G+nH Husband of a lineal descendant, generation undefined",9999,0,99,1,0,-99
303,150,303,2,2,,直系後裔,G+n,"G+n, lineal descendant, generation undefined",50,0,99,0,0,-99
304,150,304,4,4,,同族晚輩,K+n,"Lineage descendant, generation undefined",50,2,99,0,1,-97
305,500,305,6,6,,同族晚輩之夫,K+nH,"Husband of lineage descendant, generation undefined",9999,2,99,1,1,-97
307,29,307,75,111,,十四子,S14,S14,9999,0,1,0,0,-1
308,309,308,157,-10000,,第一任妻之堂兄弟,W1FBS,W1FBS,9999,1,1,1,1,0
309,309,309,157,-10000,,第二任妻之堂兄弟,W2FBS,W2FBS,9999,1,1,1,1,0
312,129,312,244,-10000,,第三任妻之祖,W3FF,W3FF,9999,2,0,1,0,2
315,200,315,178,-10000,,妾之叔伯,CFB,Concubine's father's brother,,1,0,1,1,1
320,400,320,321,-10000,,妻之族兄弟姊妹,WK,Wife's lineage cousin,,2,2,1,1,0
321,400,321,320,320,,族姊妹之夫,KH,Lineage cousin's husband,,2,2,1,1,0
323,400,323,162,-10000,,妾之兄弟,CB,Concubine's brother,,0,0,1,1,0
325,301,325,325,419,,族兄弟,K(male),Lineage cousin,9999,2,2,0,1,0
326,29,326,75,111,,十九子,S19,S19,9999,0,1,0,0,-1
327,29,327,75,111,,長女,D1,"D1 Daughter, first",6,0,1,0,0,-1
329,29,329,75,111,,三女,D3,D3,6,0,1,0,0,-1
330,380,330,79,331,,從女;姪女,BD,BD1  Brother's daughter,9999,0,1,0,1,-1
331,380,331,177,330,,姑母,FZ,Father's sister,9999,1,0,0,1,1
332,79,332,76,364,,長女婿,D1H,D1H First daughter's husband,7,0,1,1,0,-1
333,79,333,76,364,,二女婿,D2H,D2H,7,0,1,1,0,-1
334,29,334,75,111,,四女,D4,D4,9999,0,1,0,0,-1
335,29,335,75,111,,五女,D5,D5,9999,0,1,0,0,-1
336,390,336,76,364,,四女婿,D4H,D4H,9999,0,1,1,0,-1
337,390,337,76,364,,五女婿,D5H,D5H,9999,0,1,1,0,-1
338,79,338,76,364,,三女婿,D3H,D3H,7,0,1,1,0,-1
339,29,339,75,111,,十八子,S18,S18,9999,0,1,0,0,-1
340,370,340,360,-1,G-46W,四十六世孫,G+46,G+46,9999,0,46,0,0,-46
341,11,341,342,-10000,,未婚妻,W%,W%  Betrothed maiden,200,0,0,1,0,0
342,11,342,-10000,341,,未婚夫,H%,H%  Betrothed lad,200,0,0,1,0,0
343,29,343,75,111,,獨女,D (only daughter),D (only daughter),9999,0,1,0,0,-1
344,9,344,134,-10000,,第三任妻,W3,W3,9999,0,0,1,0,0
345,9,345,-10000,135,Possibly 168,第一任丈夫,H1,"H1 Husband, first",9999,0,0,1,0,0
346,9,346,-10000,135,Possibly 168,第二任丈夫,H2,H2,9999,0,0,1,0,0
347,110,347,48,369,,曾孫女,SSD,SSD,9999,0,3,0,0,-3
348,500,348,349,349,,二十三世祖,G-23,G-23,9999,23,0,0,0,23
349,500,349,348,-1,G-23W,二十三世孫,G+23,G+23,9999,0,23,0,0,-23
350,500,350,351,351,,二十世祖,G-20,G-20,9999,20,0,0,0,20
351,500,351,350,-1,G-20W,二十世孫,G+20,G+20,9999,0,20,0,0,-20
352,500,352,353,353,,二十一世祖,G-21,G-21,9999,21,0,0,0,21
353,500,353,352,-1,G-21W,二十一世孫,G+21,G+21,9999,0,21,0,0,-21
354,500,354,355,355,,三十六世祖,G-36,G-36,9999,36,0,0,0,36
355,500,355,354,-1,G-36W,三十六世孫,G+36,G+36,9999,0,36,0,0,-36
356,79,356,76,364,,六女婿,D6H,D6H,9999,0,1,1,0,-1
357,79,357,76,364,,七女婿,D7H,D7H,9999,0,1,1,0,-1
358,79,358,76,364,,八女婿,D8H,D8H,9999,0,1,1,0,-1
359,79,359,76,364,,九女婿,D9H,D9H,9999,0,1,1,0,-1
360,500,360,340,340,,四十六世祖,G-46,G-46,9999,46,0,0,0,46
361,20,361,362,361,,繼姊妹,Z^,Z^ Stepsister,4,0,0,0,1,0
362,20,362,362,361,,繼兄弟,B^,B^ Stepbrother,1,0,0,0,1,0
363,900,363,226,373,,私生子之本生父,F!,F! Father of bastard,900,1,1,0,0,0
364,120,364,181,-10000,,岳母,WM,WM Wife's mother,21,1,0,1,0,1
365,130,365,179,366,,姨;從母,MZ,MZ Mother's sister,20,1,0,0,1,1
366,400,366,77,365,,甥女,ZD,ZD Sister's daughter,10000,0,1,0,1,-1
367,70,367,263,368,,高祖母,FFFM,FFFM,-6,4,0,0,0,4
368,400,368,39,263,,玄孫女,SSSD,SSSD,10000,0,4,0,0,-4
369,70,369,255,347,,曾祖母,FFM,FFM same as FFFW,-5,3,0,0,0,3
370,50,370,243,251,,祖母,FM,FM,-4,2,0,0,0,2
371,50,371,238,372,,外祖母,MM,MM Mother's mother,-8,2,0,0,0,2
372,90,372,66,371,,外孫女,DD,DD Daughter's daughter,8,0,2,0,0,-2
373,29,373,363,377,,私生女,D!,D! Bastard daughter,10000,0,1,0,0,-1
374,20,374,118,374,,姊妹,Z,Z Sister,4,0,0,0,1,0
375,-1,375,214,376,,繼母,M^,M^ Stepmother,10000,1,0,0,0,1
376,29,376,98,375,,繼女,D^,"D^ Daughter, stepdaughter",10000,0,1,0,0,-1
377,400,377,226,373,,私生子女之本生母,M!,M! Mother of a bastard,10000,1,1,0,0,0
378,-1,378,186,227,,嗣母,M*,"M* Mother, adopting heir",-3,1,0,0,0,1
379,19,379,171,380,,繼姊,Z+^,"Z+^ Stepsister, elder,",10000,0,0,0,1,0
380,19,380,172,379,,繼妹,Z-^,"Z–^ Stepsister, younger",10000,0,0,0,1,0
381,19,381,170,381,,同母異父姊妹,Z?,"Z? half-sister, by the same mother",10000,0,0,0,1,0
382,19,382,150,438,,同母異父姊,Z?+,"Elder half-sister, by the same mother",,0,0,0,1,0
383,399,383,159,-10000,,妻姊,WZ+,WZ+,10000,0,0,1,1,0
384,399,384,136,-10000,,妻妹,WZ-,WZ–,10000,0,0,1,1,0
385,399,385,136,-10000,,妻弟,WB-,WB–,10000,0,0,1,1,0
386,400,386,162,-10000,,妻之姊妹,WZ,WZ Wife's sister,10000,0,0,1,1,0
387,500,387,388,388,,五十世祖,G-50,G-50,10000,50,0,0,0,50
388,500,388,387,-1,G-48W,五十世孫,G+50,G+50,,0,50,0,0,-50
389,500,389,390,390,,四十七世祖,G-47,G-47,10000,47,0,0,0,47
390,500,390,389,-1,G-47W,四十七世孫,G+47,G+47,10000,0,47,0,0,-47
391,500,391,392,392,,四十五世祖,G-45,G-45,10000,45,0,0,0,45
392,500,392,391,-1,G-45W,四十五世孫,G+45,G+45,10000,0,45,0,0,-45
393,500,393,394,394,,四十四世祖,G-44,G-44,10000,44,0,0,0,44
394,500,394,393,-1,G-44W,四十四世孫,G+44,G+44,10000,0,44,0,0,-44
395,120,395,-10000,396,,翁;公公;丈夫之父,HF,HF,10000,1,0,1,0,1
396,400,396,395,399,,子婦;兒媳,SW,SW,10000,0,1,1,0,-1
397,400,397,398,398,,五世祖;高曾祖,G-5,G-5 5th generation ancestor,10000,5,0,0,0,5
398,400,398,397,-1,G-5W,五世孫;來孫,G+5,G+5 5th generation lineal descendant,10000,0,5,0,0,-5
399,120,399,-10000,396,,丈夫之母;婆婆,HM,HM,,1,0,1,0,1
400,400,400,434,435,,伯叔母,FBW,FBW Father's brother's wife,10000,1,0,1,1,1
401,400,401,426,-10000,,妻之從子,WBS,Wife's brother's son,10000,0,1,1,1,-1
402,400,402,426,-10000,,妻之從女,WBD,Wife's brother's daughter,10000,0,1,1,1,-1
403,399,403,410,413,,表兄,P+(male),FZS+ or MBS+ or MZS+,10000,1,1,0,1,0
404,399,404,415,-1,MBD-,姑表兄,FZS+,FZS+,10000,1,1,0,1,0
405,400,405,121,-1,MBD,姑表兄弟,FZS,FZS,10000,1,1,0,1,0
406,400,406,406,431,,姨表兄弟,MZS,MZS,10000,1,1,0,1,0
407,399,407,408,-1,MZD+,姨表弟,MZS-,MZS-,10000,1,1,0,1,0
408,399,408,407,-1,MZD-,姨表兄,MZS+,MZS+,10000,1,1,0,1,0
410,399,410,403,412,,表弟,P-(male),FZS- or MBS- or MZS-,10000,1,1,0,1,0
411,400,411,411,414,,表兄弟,P(male),FZS or MBS or MZS,10000,1,1,0,1,0
412,399,412,410,413,,表姐,P+(female),FZD+ or MBD+ or MZD+,10000,1,1,0,1,0
413,399,413,403,412,,表妹,P-(female),FZD– or MBD– or MZD-,10000,1,1,0,1,0
414,400,414,411,414,,表姐妹,P(female),FZD or MBD or MZD,10000,1,1,0,1,0
415,399,415,404,-1,FZD+,舅表弟,MBS-,MBS–,10000,1,1,0,1,0
416,399,416,131,417,,從妹,FBD-,"FBD– Father's brother's daughter, younger",10000,1,1,0,1,0
417,399,417,130,416,,從姊,FBD+,"FBD+ Father's brother's daughter, elder",10000,1,1,0,1,0
418,400,418,50,470,,曾姪孫女,BSSD,BSSD,10000,0,3,0,1,-3
419,400,419,325,419,,族姊妹,K(female),"Lineage cousin, female",10000,2,2,0,1,0
420,-1,420,180,176,,嫡母,M~,"M~ Mother, nominal; legitimate wife as nominal mother to children of concubine",10000,1,0,0,0,1
421,400,421,422,-1,,表姪,P+1(male),FZSS or MBSS or MZSS,,1,2,0,1,-1
422,400,422,421,-1,,表叔伯,P-1(male),FMBS or FFZS or  FMZS,,2,1,0,1,1
423,400,423,-10000,424,,夫之姐妹,HZ,HZ Sister of husband,,0,0,1,1,0
424,400,424,425,423,,兄弟之妻,BW,BW Brother's wife,,0,0,1,1,0
425,400,425,-10000,424,,夫之兄弟,HB,HB,,0,0,1,1,0
426,400,426,401,402,,姑父,FZH,FZH,,1,0,1,1,1
427,400,427,428,-1,ZSD,舅公;父或母之舅,FMB,FMB,,2,0,0,1,2
428,400,428,427,-1,FMZ,甥孫,ZSS,ZSS,,0,2,0,1,-2
429,400,429,430,-1,BDD,外祖父之兄弟,MFB,MFB,,2,0,0,1,2
430,400,430,429,-1,MFZ,弟之外孫,BDS,BDS Brother's daughter's son,,0,2,0,1,-2
431,400,431,406,431,,姨表姊妹;從母妹,MZD,MZD,,1,1,0,1,0
432,70,432,433,-1,DSD,父之外祖,FMF,FMF,,3,0,0,0,3
433,400,433,432,-1,FMM,外孫之子,DSS,DSS,,0,3,0,0,-3
434,400,434,-10000,400,,夫之從子,HBS,Husband's brother's son,,0,1,1,1,-1
435,400,435,-10000,400,,夫之從女,HBD,Husband's brother's daughter,,0,1,1,1,-1
436,29,436,107,437,,養子(非嗣子),S°,"Son, adopted (not as heir)",,0,1,0,0,-1
437,29,437,436,227,,養母,M°,Adopting mother,,1,0,0,0,1
438,19,438,151,382,,同母異父妹,Z?-,"Younger half-sister, by the same mother",,0,0,0,1,0
439,89,439,440,-1,FM*,過繼的嗣孫,SS*,"Grandson, adopted as heir",,0,2,0,0,-2
440,49,440,439,-10000,,嗣祖父,FF*,"Grandfather, adopting heir",,2,0,0,0,2
441,400,441,442,-1,SWM,女婿之父,DHF,Daughter's father-in-law,,1,1,1,0,0
442,400,442,441,-1,DHM,兒媳之父,SWF,Son's father-in-law,,1,1,1,0,0
443,400,443,444,-1,LK-3(female),族曾孫,K+3(male),Lineage great grandnephew,,1,4,0,1,-3
444,400,444,443,-1,LK+3(female),族曾祖,K-3(male),Lineage great granduncle,,4,1,0,1,3
445,500,445,446,-1,FFFBD,再從孫;堂姪孫,FBSSS,Father's brother's great grandson,9999,1,3,0,1,-2
446,400,446,445,-1,FBSSD,祖父之從兄弟;再從祖,FFFBS,FFFBS,,3,1,0,1,2
447,500,447,149,149,,後裔(自稱),G+n (claimed),Self-claimed agnatic descendant,,0,99,0,0,-99
450,29,450,75,111,,十三女,D13,D13,6,0,1,0,0,-1
451,29,451,75,111,,六女,D6,D6,6,0,1,0,0,-1
452,29,452,75,111,,七女,D7,D7,6,0,1,0,0,-1
453,29,453,75,111,,八女,D8,D8,6,0,1,0,0,-1
454,29,454,75,111,,九女,D9,D9,6,0,1,0,0,-1
455,29,455,75,111,,十女,D10,D10,6,0,1,0,0,-1
456,29,456,75,111,,十一女,D11,D11,6,0,1,0,0,-1
457,29,457,75,111,,十二女,D12,D12,6,0,1,0,0,-1
458,29,458,75,111,,十四女,D14,D14,6,0,1,0,0,-1
459,500,459,64,469,,姪孫女,BSD,BSD Brother's son's daughter,9999,0,2,0,1,-2
460,66,460,250,-1,LK+2(female),族祖姑,K-2(female),Lineage grandaunt,,3,1,0,1,2
461,300,461,144,462,,族姊,K+(female),"Lineage cousin, elder, female",,2,2,0,1,0
462,300,462,143,461,,族妹,K-(female),"Lineage cousin, younger, female",,2,2,0,1,0
463,400,463,84,-1,FFBD,從姪女;堂姪女,FBSD,FBSD Father's brother's son's daughter,,1,2,0,1,-1
464,400,464,465,466,,孫之妻 ?,SSW ?,SSW ?,,0,2,1,0,-2
465,400,465,-10000,464,,夫之祖父 ?,HFF ?,HFF ?,,2,0,1,0,2
466,400,466,-10000,464,,夫之祖母 ?,HFM ?,HFM ?,,2,0,1,0,2
467,9,467,134,-10000,,第四任妻 ?,W4,W4,,0,0,1,0,0
468,-1,468,180,176,,庶母 ?,M(C),M(C) Mother who is concubine,,1,0,0,0,1
469,60,469,240,459,,祖姑 ?,FFZ ?,FFZ ?,,2,0,0,1,2
470,400,470,253,418,,曾祖姑 ?,FFFZ ?,FFFZ ?,,3,0,0,1,3
471,400,471,97,93,,族女 ?,K+1(female),Lineage niece,,1,2,0,1,-1
472,500,472,303,303,,始祖;始遷祖,G-n (apical),Apical ancestor,,99,0,0,0,99
473,500,473,474,-1,G-6BW,六世從孫; 姪昆孫,BG+6,Brother's 6th generation descendant,9999,0,6,0,1,-6
474,500,474,473,473,,太伯叔祖;六世叔伯祖,G-6B,brother of 6th generation ancestor,9999,6,0,0,1,6
475,500,475,476,-1,G-7BW,從七世孫,BG+7,Brother's 7th generation descendant,9999,0,7,0,1,-7
476,500,476,475,475,,七世伯叔祖,G-7B,brother of 7th generation ancestor,9999,7,0,0,1,7
480,500,480,267,267,BSSSD,高祖姑母,FFFFZ,Sister of great-great gf,9999,4,0,0,1,4
481,500,481,521,-1,HFFM,曾孫媳婦,SSSW,wife of great-great grandson,9999,0,3,1,0,-3
482,500,482,522,522,,二十四世祖,G-24,G-24,9999,24,0,0,0,24
483,500,483,523,523,,二十五世祖,G-25,G-25,9999,25,0,0,0,25
484,500,484,524,524,,二十六世祖,G-26,G-26,9999,26,0,0,0,26
485,500,485,525,525,,二十八世祖,G-28,G-28,9999,28,0,0,0,28
486,500,486,526,526,,二十九世祖,G-29,G-29,9999,29,0,0,0,29
487,500,487,527,527,,五十七世祖,G-57,G-57,9999,57,0,0,0,57
488,500,488,528,528,,五十八代祖,G-58,G-58,9999,58,0,0,0,58
489,500,489,529,529,,六十八代祖,G-68,G-68,9999,68,0,0,0,68
490,500,490,530,530,,十世伯叔祖,G-10B,brother of 10th generation ancestor,9999,10,0,0,1,10
491,500,491,531,531,,十二世伯叔祖,G-12B,brother of 12th generation ancestor,9999,12,0,0,1,12
492,500,492,532,-1,FBDD,堂舅;母亲的叔伯兄弟,MFBS,Sister of mother's uncle,9999,2,1,0,1,1
493,500,493,-10000,533,FFMM,外玄孫,DSSS,great grandson of daughter,9999,0,4,0,0,-4
494,500,494,398,398,,高曾祖母,FFFFM,great great grandfather's mother,9999,5,0,0,0,5
497,500,497,534,534,,七十三代祖,G-73,G-73,9999,73,0,0,0,73
498,500,498,535,-1,HBSSD,伯叔曾祖母,FFFBW,great-grandfather's brother's wife,9999,3,0,1,1,3
499,60,499,536,-1,HBSD,伯叔祖母,FFBW,grandfather's brother's wife,9999,2,0,1,1,2
500,500,500,537,-1,FZHBSD,伯叔祖母姪,FFBWBS,grandfather's brother's wife's brother's son,9999,2,1,1,2,1
501,500,501,277,277,,太祖母,G-7W,wife of G-7,9999,7,0,0,0,7
502,500,502,279,279,,太高祖母,G-8W,wife of G-8,9999,8,0,0,0,8
503,500,503,278,278,,太高祖父的姊妹,G-8Z,sister of G-8,9999,8,0,0,1,8
504,500,504,-10000,538,,夫堂姪,HFBSS,Husband's father's brother's grandson,9999,1,2,1,1,-1
505,500,505,539,-10000,,妻舅祖,WFMB,wife's father's mother brother,9999,2,0,1,1,2
507,500,507,303,303,,始祖母,G-nW,wife of G-n,9999,99,0,0,0,99
508,500,508,540,-10000,,姪媳婦,BSW,Brother's son's wife,9999,0,1,1,1,-1
509,500,509,541,541,,族侄媳,K+1W,lineage nephew's wife,9999,1,2,1,2,-1
510,500,510,542,-1,FZSSD,曾祖母姪,FFMBS,grandfather's mother's brother's son,9999,3,1,0,1,2
511,500,511,543,-1,FZSD,祖母姪,FMBS,father's mother's brother's son,9999,2,1,0,1,1
512,500,512,-10000,544,,舅婆;父或母之舅母 FMBW/MMBW,FMBW,father/mother's mother's brother's wife,9999,2,0,1,1,2
514,500,514,545,545,,表姐妹婿,PH,husband of FZD or MBD or MZD,9999,1,1,1,1,0
515,550,515,515,515,,表親,Pn,unspecified relation to father's sisters or mother's siblings,9999,1,1,0,1,0
516,40,516,177,330,,伯;伯父,FB+,an older brother of father,-4,1,0,0,1,1
517,40,517,177,330,,叔;叔父,FB–,a younger brother of father,-4,1,0,0,1,1
518,60,518,240,459,,伯祖;伯祖父,FFB+,an older brother of grandfather,-5,2,0,0,1,2
519,60,519,240,459,,叔祖;叔祖父,FFB–,a younger brother of grandfather,-5,2,0,0,1,2
521,140,521,-10000,481,,夫之曾祖,HFFF,great grandfather of husband,9999,3,0,1,0,3
522,500,522,482,-1,G-24W,二十四世孫,G+24,G+24,9999,0,24,0,0,-24
523,500,523,483,-1,G-25W,二十五世孫,G+25,G+25,9999,0,25,0,0,-25
524,500,524,484,-1,G-26W,二十六世孫,G+26,G+26,9999,0,26,0,0,-26
525,500,525,485,-1,G-28W,二十八世孫,G+28,G+28,9999,0,28,0,0,-28
526,500,526,486,-1,G-29W,二十九世孫,G+29,G+29,9999,0,29,0,0,-29
527,500,527,487,-1,G-57W,五十七世孫,G+57,G+57,9999,0,57,0,0,-57
528,500,528,488,-1,G-58W,五十八世孫,G+58,G+58,9999,0,58,0,0,-58
529,500,529,489,-1,G-68W,六十八世孫,G+68,G+68,9999,0,68,0,0,-68
530,500,530,490,-1,G-10BW,十世姪孫,BG+10,Brother's 10th generation descendant,9999,0,10,0,1,-10
531,500,531,491,-1,G-12BW,十二世姪孫,BG+12,Brother's 12th generation descendant,9999,0,12,0,1,-12
532,500,532,492,-1,MFBD,堂姊妹之子,FBDS,Son fo father's niece,9999,1,2,0,1,-1
533,500,533,493,-1,DSSD,曾祖母之父,FFMF,great grandmother's father,9999,4,0,0,0,4
534,500,534,497,-1,G-73W,七十三世孫,G+73,G+73,9999,0,73,0,0,-73
535,500,535,-10000,498,,夫之曾姪孫;夫之從曾孫,HBSSS,Husband's brother's great-grandson,9999,0,3,1,1,-3
536,500,536,-10000,499,,夫之姪孫;夫之從孫,HBSS,Husband's brother's grandson,9999,0,2,1,1,-2
537,500,537,500,-1,FFBWBD,姑父之姪孫;姑父之從孫,FZHBSS,father's sister's husband's brother's grandson,9999,1,2,1,2,-1
538,500,538,504,-10000,,堂伯叔母,FFBSW,grandfather's brother's son's wife,9999,2,1,1,1,1
539,500,539,-10000,505,,外甥孫婿,ZSDH,Sister's son's daughter's husband,9999,0,2,1,1,-2
540,200,540,-10000,508,,丈夫的叔伯,HFB,Husband's father's brother,9999,1,0,1,1,1
541,500,541,-10000,509,,,HK-1,Husband's lineage nephew,9999,1,2,1,1,-1
542,500,542,510,-1,FFMBD,姑母之曾孫;姑表兄弟之孫,FZSSS,Father's sister's great-grandson,9999,1,3,0,1,-2
543,500,543,511,-1,FMBD,姑母之孫;姑表兄弟之子,FZSS,Father's sister's grandson,9999,1,2,0,1,-1
544,500,544,512,-10000,,HZSS / HZSD / HZDS / HZDD,HZS,Husband's sister's son,9999,0,1,1,1,-1
545,500,545,514,-10000,,妻之表兄弟姊妹,WP,wife's father's sisters or mother's siblings,9999,1,1,1,1,0
546,500,546,547,-1,WSD,姨父,MZH,mother's sister's husband,9999,1,0,1,1,1
547,500,547,546,-10000,,妻之外甥,WZS,wife's sister's son,9999,0,1,1,1,-1
548,500,548,552,-1,,五十三世祖,G-53,G-53,10000,53,0,0,0,53
549,500,549,553,-1,,五十四世祖,G-54,G-54,10000,54,0,0,0,54
550,500,550,554,-1,,五十五世祖,G-55,G-55,10000,55,0,0,0,55
551,500,551,555,-1,,五十六世祖,G-56,G-56,10000,56,0,0,0,56
552,500,552,548,-1,G-53W,五十三世孫,G+53,G+53,10000,0,53,0,0,-53
553,500,553,549,-1,G-54W,五十四世孫,G+54,G+54,10000,0,54,0,0,-54
554,500,554,550,-1,G-55W,五十五世孫,G+55,G+55,10000,0,55,0,0,-55
555,500,555,551,-1,G-56W,五十六世孫,G+56,G+56,10000,0,56,0,0,-56
556,500,556,546,10000,,妻之外甥女,WZD,wife's sister's daughter,9999,0,1,1,1,-1
557,300,557,244,-10000,對應 SDH 孫女婿,妻子的祖母,WFM,wife's grandmother,10000,2,0,1,0,2
558,300,558,178,-10000,,妻之姑母,WFZ,wife's aunt,10000,1,0,1,1,1
559,9,559,135,-1,,第三任丈夫,H3,3rd husband,10000,0,0,1,0,0
560,29,560,75,111,,嗣子(作為繼承人的兒子),S,Heir,,0,1,0,0,-1
561,400,561,562,-10000,,妻之五世祖,WG-5,,,5,0,1,0,5
562,400,562,-10000,561,,五世孫婿,G+5H,,,0,5,1,0,-5
563,49,563,564,564,,本生祖,FF!,FF! Grandfather of bastard,,2,0,0,0,2
564,400,564,563,563,,私生孫,SS!,SS! Bastard grandson,,0,2,0,0,-2
565,49,565,566,566,,繼祖,FF^,FF^ Step grandfather,,2,0,0,0,2
566,89,566,565,565,,繼孫子,SS^,SS^ Step grandson,,0,2,0,0,-2
567,-1,567,568,569,,前母,M+,M+ Father's late wife,,1,0,0,0,1
568,29,568,571,570,,非親生子,S#,S# Son of spouse not born to the subject,,0,1,0,0,-1
569,29,569,571,570,,非親生女,D#,D# Daughter of spouse not born to the subject,,0,1,0,0,-1
570,-1,570,568,569,,非親生母,M#,M# Father's wife  not biologically related to the subject,,1,0,0,0,1
571,-1,571,568,569,,非親生父,F#,F# Mother's husband not biologically related to the subject,,1,0,0,0,1
572,29,572,571,570,,妾之子,S?,S? Son of concubine,,0,1,0,0,-1
573,29,573,571,570,,妾之女,D?,D? Daughter of concubine,,0,1,0,0,-1
574,400,574,119,574,,從姊妹,FBD,Father's brother's daughter,,1,1,0,1,0
575,29,575,75,111,,二十六子,S26,S26,9999,0,1,0,0,-1
